{
  "shape": {
    "m": 128,
    "k": 768,
    "n": 768
  },
  "full_moduli": [
    255,
    253,
    251,
    247
  ],
  "selection_bound": "max_row_L1(A) * max_abs(B)",
  "selection_sync_included": true,
  "results": [
    {
      "activation_std": 8.0,
      "selected_channels": 3,
      "safe_bound": 666877,
      "capacity": 8096632,
      "correctness": {
        "passed": true,
        "max_absolute_error": 0
      },
      "full": {
        "p50_ms": 0.19115649999434936,
        "p95_ms": 0.22782299998880262
      },
      "adaptive_including_selection_sync": {
        "p50_ms": 0.35314049998191877,
        "p95_ms": 0.38784000003033725
      },
      "speedup": 0.5413043816954918
    },
    {
      "activation_std": 16.0,
      "selected_channels": 3,
      "safe_bound": 1332738,
      "capacity": 8096632,
      "correctness": {
        "passed": true,
        "max_absolute_error": 0
      },
      "full": {
        "p50_ms": 0.18911099999741054,
        "p95_ms": 0.20895000000109576
      },
      "adaptive_including_selection_sync": {
        "p50_ms": 0.3419384999858721,
        "p95_ms": 0.3704999999740721
      },
      "speedup": 0.5530555933456573
    },
    {
      "activation_std": 32.0,
      "selected_channels": 3,
      "safe_bound": 2624836,
      "capacity": 8096632,
      "correctness": {
        "passed": true,
        "max_absolute_error": 0
      },
      "full": {
        "p50_ms": 0.20955699997671218,
        "p95_ms": 0.24889200000188794
      },
      "adaptive_including_selection_sync": {
        "p50_ms": 0.3771400000118774,
        "p95_ms": 0.4261999999926047
      },
      "speedup": 0.5556477699796164
    },
    {
      "activation_std": 64.0,
      "selected_channels": 3,
      "safe_bound": 5275453,
      "capacity": 8096632,
      "correctness": {
        "passed": true,
        "max_absolute_error": 0
      },
      "full": {
        "p50_ms": 0.20844700000566263,
        "p95_ms": 0.23786000002701257
      },
      "adaptive_including_selection_sync": {
        "p50_ms": 0.3680250000002161,
        "p95_ms": 0.40377599998464575
      },
      "speedup": 0.5663935874072148
    }
  ]
}